filename,baseline_psnr,depth_psnr,diff
0001_0.8_0.2.jpg,21.415178,21.501245,0.0860672
0002_0.8_0.08.jpg,23.34568,20.501637,-2.8440437
0003_0.8_0.2.jpg,24.474194,22.89303,-1.5811634
0004_0.9_0.12.jpg,25.847393,22.84376,-3.0036335
0006_0.85_0.08.jpg,23.257425,22.180746,-1.0766792
0007_0.9_0.16.jpg,18.55171,20.987217,2.4355068
0009_0.8_0.16.jpg,18.474503,18.561075,0.08657265
0010_0.95_0.16.jpg,13.944471,15.864886,1.9204149
0011_0.95_0.16.jpg,16.564745,21.103308,4.538563
0014_0.8_0.12.jpg,22.780392,21.936598,-0.84379387
0016_0.8_0.08.jpg,22.048664,19.848728,-2.199936
0017_0.9_0.08.jpg,23.025341,21.09113,-1.9342117
0018_0.9_0.2.jpg,19.369104,22.764133,3.395029
0019_0.8_0.16.jpg,19.471489,21.250296,1.7788067
0021_0.8_0.08.jpg,21.59076,20.396034,-1.194725
0022_0.8_0.08.jpg,21.975925,19.833082,-2.1428432
0023_0.85_0.12.jpg,20.337841,23.080956,2.7431145
0024_0.85_0.08.jpg,22.706575,21.814308,-0.8922672
0025_0.8_0.16.jpg,18.152615,20.755566,2.602951
0026_0.95_0.08.jpg,23.355606,23.749914,0.3943081
0029_0.85_0.08.jpg,22.986359,21.086952,-1.8994064
0030_0.95_0.12.jpg,20.570087,20.433615,-0.1364727
0033_0.85_0.08.jpg,23.268194,20.014305,-3.253889
0034_0.9_0.16.jpg,20.872883,24.579771,3.7068882
0036_1_0.08.jpg,26.635618,22.941637,-3.6939812
0039_0.9_0.2.jpg,17.1806,18.553307,1.3727074
0040_1_0.08.jpg,24.091404,21.38068,-2.7107239
0042_0.8_0.2.jpg,18.986649,18.46241,-0.5242386
0045_0.8_0.16.jpg,19.182379,21.28504,2.1026611
0046_0.9_0.16.jpg,18.427612,23.444592,5.016979
0047_0.9_0.12.jpg,24.012154,24.807442,0.7952881
0048_0.9_0.2.jpg,17.769224,20.325024,2.5557995
0049_0.85_0.12.jpg,24.161274,20.133696,-4.0275784
0051_0.8_0.2.jpg,17.920382,20.00911,2.088728
0051_0.95_0.12.jpg,21.031858,22.541208,1.5093498
0052_0.9_0.16.jpg,17.256353,21.18988,3.933527
0053_0.9_0.12.jpg,18.776741,21.994417,3.2176762
0054_0.85_0.16.jpg,19.690762,22.43613,2.745369
0055_0.85_0.12.jpg,21.965227,22.484226,0.5189991
0056_0.8_0.16.jpg,20.776625,23.319416,2.5427914
0057_0.8_0.12.jpg,22.574823,18.745705,-3.8291187
0058_0.8_0.2.jpg,18.28477,19.770332,1.4855633
0059_0.9_0.12.jpg,22.758694,22.470295,-0.28839874
0060_0.9_0.2.jpg,17.238062,21.247143,4.009081
0061_0.8_0.2.jpg,18.062002,21.394753,3.3327503
0062_0.9_0.2.jpg,14.421331,16.92292,2.5015888
0063_0.8_0.16.jpg,17.269585,19.437346,2.1677608
0064_0.8_0.2.jpg,17.065756,19.175335,2.109579
0065_0.9_0.12.jpg,20.225878,19.933933,-0.2919445
0066_1_0.08.jpg,23.43726,22.863644,-0.573616
0068_1_0.16.jpg,18.26644,18.87751,0.61107063
0069_0.9_0.16.jpg,19.860546,21.40231,1.5417633
0070_0.9_0.12.jpg,21.588099,21.958387,0.37028885
0071_0.8_0.2.jpg,19.704563,20.573769,0.8692055
0072_0.9_0.2.jpg,17.636477,20.895063,3.258587
0073_0.8_0.16.jpg,18.967846,20.278864,1.311018
0074_0.8_0.2.jpg,18.157764,20.144968,1.9872036
0075_0.8_0.2.jpg,19.436514,18.56937,-0.86714363
0076_0.8_0.2.jpg,19.0916,19.98782,0.89621925
0076_1_0.16.jpg,17.690056,19.604504,1.9144478
0077_0.8_0.2.jpg,19.5514,21.033863,1.4824638
0079_0.8_0.12.jpg,20.28957,19.810091,-0.47947884
0081_0.8_0.2.jpg,21.645372,21.365154,-0.28021812
0082_0.85_0.16.jpg,21.66499,21.350151,-0.3148384
0083_0.85_0.12.jpg,22.462166,24.225328,1.7631626
0084_0.95_0.16.jpg,18.045404,20.67047,2.6250648
0085_0.95_0.08.jpg,24.285566,21.084803,-3.2007637
0086_0.8_0.2.jpg,17.953196,20.279913,2.3267174
0086_0.95_0.12.jpg,20.622616,21.663795,1.0411797
0087_0.9_0.16.jpg,18.783155,21.740892,2.957737
0088_0.9_0.12.jpg,21.930004,23.720129,1.7901249
0089_0.9_0.2.jpg,18.121712,20.859392,2.7376804
0090_0.85_0.12.jpg,23.18958,19.710224,-3.4793568
0091_0.85_0.2.jpg,22.225548,20.851639,-1.373909
0092_0.85_0.2.jpg,20.13737,21.07914,0.94177055
0093_0.8_0.08.jpg,22.266258,17.835207,-4.4310513
0094_0.8_0.2.jpg,18.778973,19.837297,1.0583248
0095_0.8_0.08.jpg,21.290115,17.530457,-3.7596588
0096_0.8_0.2.jpg,18.472073,19.472778,1.0007057
0097_0.85_0.08.jpg,24.014565,20.64581,-3.3687553
0098_0.85_0.2.jpg,16.249638,17.657373,1.4077358
0099_0.9_0.16.jpg,18.781507,20.34508,1.5635719
0100_0.9_0.12.jpg,23.321987,23.575499,0.25351143
0101_0.9_0.08.jpg,23.505936,21.336033,-2.1699028
0102_0.85_0.12.jpg,21.812244,24.774893,2.9626484
0104_0.95_0.12.jpg,21.367453,22.380247,1.0127945
0105_0.95_0.2.jpg,17.403505,19.434956,2.0314503
0106_0.9_0.08.jpg,24.570065,20.541256,-4.0288086
0107_0.9_0.08.jpg,24.69121,21.066853,-3.6243572
0108_0.8_0.16.jpg,17.01231,19.712984,2.700674
0108_1_0.2.jpg,12.312908,14.933527,2.6206188
0109_0.85_0.08.jpg,22.269238,19.246962,-3.022276
0110_0.8_0.12.jpg,22.456827,22.249058,-0.2077694
0111_0.8_0.2.jpg,16.954102,19.528791,2.5746899
0112_0.8_0.2.jpg,22.139713,22.400928,0.2612152
0113_0.9_0.08.jpg,23.434523,23.907318,0.4727955
0115_0.8_0.12.jpg,21.614931,19.648275,-1.9666557
0116_0.9_0.16.jpg,18.593828,20.279919,1.6860905
0117_0.9_0.12.jpg,23.845894,21.583591,-2.2623024
0118_0.9_0.2.jpg,15.919716,19.792818,3.8731022
0119_0.85_0.12.jpg,22.929321,21.800285,-1.129036
0120_0.85_0.08.jpg,20.45094,22.111635,1.660696
0121_0.85_0.2.jpg,19.938156,22.120592,2.182436
0123_1_0.08.jpg,21.581066,24.006027,2.424961
0125_0.8_0.12.jpg,21.739792,21.524546,-0.2152462
0126_0.8_0.2.jpg,18.522665,21.991081,3.4684162
0127_0.8_0.2.jpg,18.53008,21.227257,2.697176
0129_0.8_0.16.jpg,18.180527,18.967926,0.7873993
0131_0.95_0.08.jpg,22.093096,21.220818,-0.8722782
0132_1_0.08.jpg,24.60645,24.34642,-0.26002884
0133_1_0.2.jpg,13.650012,14.862059,1.2120466
0134_0.95_0.16.jpg,19.013996,22.657738,3.6437416
0135_0.95_0.12.jpg,21.990887,24.662186,2.671299
0137_0.8_0.2.jpg,18.446497,20.701025,2.254528
0138_0.9_0.08.jpg,23.591997,21.22426,-2.3677368
0139_0.85_0.12.jpg,21.002583,20.074873,-0.9277096
0140_0.95_0.12.jpg,22.461094,20.111,-2.3500938
0141_0.95_0.12.jpg,18.43033,19.670715,1.240385
0142_0.95_0.08.jpg,23.93988,22.74662,-1.1932602
0143_1_0.2.jpg,11.747941,13.296004,1.5480633
0145_0.8_0.12.jpg,22.806679,19.129475,-3.6772041
0146_0.8_0.2.jpg,18.103525,18.506643,0.40311813
0147_1_0.16.jpg,14.883733,17.731356,2.8476229
0148_0.9_0.12.jpg,20.633526,24.291054,3.657528
0149_0.9_0.08.jpg,23.222942,21.54396,-1.6789818
0150_0.8_0.16.jpg,22.723646,19.982191,-2.741455
0151_0.8_0.08.jpg,21.96102,20.725584,-1.2354355
0152_0.8_0.2.jpg,20.07097,21.680677,1.6097069
0153_0.8_0.08.jpg,22.585642,21.517324,-1.0683174
0154_0.8_0.2.jpg,17.034153,17.817064,0.7829113
0155_1_0.08.jpg,22.489521,19.375977,-3.1135445
0157_0.8_0.08.jpg,22.79621,19.476706,-3.3195038
0158_0.8_0.2.jpg,14.786445,18.21843,3.431985
0160_0.9_0.2.jpg,20.559359,25.131447,4.5720882
0161_0.85_0.08.jpg,23.664434,20.108835,-3.5555992
0162_0.95_0.12.jpg,25.91038,24.219835,-1.6905441
0163_0.95_0.08.jpg,24.067226,20.652298,-3.4149284
0164_0.9_0.2.jpg,15.026263,17.03712,2.0108576
0165_0.9_0.2.jpg,14.866198,17.466785,2.6005878
0166_0.8_0.16.jpg,17.007788,20.037426,3.0296383
0167_0.8_0.12.jpg,21.471127,23.187504,1.7163773
0168_0.9_0.16.jpg,17.516445,18.800352,1.2839069
0169_0.9_0.12.jpg,19.595201,21.787827,2.192625
0170_0.8_0.2.jpg,15.257204,18.268269,3.0110645
0171_0.85_0.12.jpg,20.037731,19.370852,-0.66687965
0172_0.85_0.08.jpg,22.453749,19.929476,-2.524273
0174_0.95_0.08.jpg,24.258863,22.140057,-2.1188068
0175_0.85_0.16.jpg,17.493475,20.845272,3.351797
0176_1_0.08.jpg,16.975916,20.88136,3.9054432
0178_0.8_0.12.jpg,20.916706,17.37302,-3.543686
0179_0.8_0.2.jpg,19.5914,18.059309,-1.5320911
0180_0.85_0.16.jpg,20.446472,21.157043,0.7105713
0181_0.9_0.08.jpg,23.326824,19.232914,-4.09391
0182_0.8_0.16.jpg,20.267818,18.577168,-1.6906509
0183_0.8_0.16.jpg,18.27087,19.84886,1.5779896
0184_0.95_0.12.jpg,22.630033,21.82333,-0.80670357
0185_1_0.16.jpg,20.951082,24.874641,3.9235592
0187_0.9_0.2.jpg,16.730345,20.059317,3.3289719
0188_0.85_0.08.jpg,22.858324,18.846548,-4.011776
0189_0.85_0.2.jpg,15.539876,18.826176,3.2862997
0191_1_0.08.jpg,20.735796,22.252514,1.5167179
0194_1_0.2.jpg,13.219643,16.545866,3.3262234
0195_1_0.08.jpg,23.320227,21.532974,-1.7872524
0196_0.9_0.2.jpg,18.090117,20.854914,2.7647972
0197_0.8_0.16.jpg,18.26257,19.726059,1.4634895
0198_0.95_0.12.jpg,19.16602,18.520351,-0.645668
0199_1_0.16.jpg,17.187536,20.776943,3.589407
0200_1_0.12.jpg,17.189674,17.24541,0.05573654
0201_1_0.08.jpg,22.830965,22.131477,-0.6994877
0202_0.85_0.12.jpg,20.19196,17.369541,-2.8224182
0204_0.8_0.08.jpg,23.999651,20.735672,-3.263979
0205_1_0.16.jpg,15.835478,15.809845,-0.025632858
0206_1_0.12.jpg,19.441048,22.311975,2.8709278
0207_1_0.08.jpg,23.51164,18.53635,-4.9752903
0208_0.8_0.16.jpg,23.951723,22.339405,-1.612318
0209_0.85_0.08.jpg,24.21458,22.701424,-1.5131569
0210_0.85_0.2.jpg,18.026638,20.987509,2.9608707
0212_0.9_0.2.jpg,21.08461,23.847366,2.7627563
0213_1_0.2.jpg,15.03489,17.104029,2.0691385
0215_0.8_0.08.jpg,21.954813,18.810522,-3.144291
0216_1_0.12.jpg,22.82646,22.485334,-0.3411255
0217_1_0.2.jpg,14.831791,17.866365,3.0345745
0218_0.9_0.2.jpg,18.738903,20.155437,1.4165344
0219_0.85_0.08.jpg,23.513754,20.351501,-3.1622524
0220_0.85_0.2.jpg,18.55037,19.760592,1.2102222
0222_0.85_0.16.jpg,20.487326,23.20966,2.722334
0223_0.95_0.16.jpg,17.867485,22.459442,4.591957
0225_0.8_0.2.jpg,16.63935,20.566263,3.9269123
0226_0.8_0.2.jpg,20.068108,20.86734,0.7992325
0228_1_0.2.jpg,13.683535,16.358034,2.6744995
0230_0.9_0.16.jpg,22.837883,26.706419,3.868536
0233_0.8_0.12.jpg,22.58411,21.725885,-0.85822487
0235_0.9_0.08.jpg,22.147915,18.641268,-3.506647
0237_0.8_0.12.jpg,21.781141,20.415607,-1.3655338
0238_0.8_0.2.jpg,17.976063,21.162092,3.1860294
0239_0.8_0.2.jpg,18.102009,21.577946,3.475937
0240_1_0.08.jpg,21.319391,21.978224,0.65883255
0242_0.8_0.12.jpg,23.0246,19.390654,-3.6339455
0243_0.8_0.08.jpg,22.464731,20.553577,-1.9111538
0244_0.9_0.12.jpg,21.443867,20.555653,-0.8882141
0245_1_0.2.jpg,17.475513,21.270666,3.7951527
0246_0.85_0.12.jpg,19.996664,21.10678,1.110115
0248_0.8_0.08.jpg,23.44601,23.157867,-0.28814316
0249_1_0.12.jpg,16.529354,19.887737,3.3583832
0251_0.8_0.16.jpg,16.04191,18.362537,2.3206272
0253_0.8_0.2.jpg,18.85475,19.702461,0.84771156
0253_1_0.16.jpg,16.871624,18.03054,1.1589165
0255_0.85_0.08.jpg,24.08388,22.018677,-2.0652027
0256_0.95_0.16.jpg,20.22952,20.13726,-0.09226036
0258_0.8_0.2.jpg,16.325039,18.842949,2.51791
0259_0.9_0.08.jpg,23.84432,22.108067,-1.7362537
0260_0.9_0.2.jpg,19.111296,23.04653,3.935234
0261_0.85_0.08.jpg,23.167994,22.837534,-0.3304596
0262_0.95_0.12.jpg,20.93118,22.388271,1.4570923
0263_0.95_0.08.jpg,23.417978,19.398396,-4.0195827
0264_0.95_0.2.jpg,20.170853,24.878109,4.7072563
0266_0.8_0.12.jpg,23.483534,22.26423,-1.2193031
0267_0.9_0.16.jpg,21.215239,24.63052,3.4152813
0268_0.9_0.16.jpg,18.467047,19.453655,0.9866085
0269_0.95_0.2.jpg,21.60448,26.11462,4.5101395
0270_0.85_0.16.jpg,18.160887,21.599653,3.4387665
0271_0.85_0.12.jpg,21.185272,24.169846,2.9845734
0272_0.85_0.08.jpg,22.47202,19.597519,-2.8745003
0273_0.85_0.2.jpg,23.290203,22.915695,-0.3745079
0274_0.95_0.12.jpg,24.03392,24.754488,0.7205677
0275_1_0.16.jpg,14.784464,18.616959,3.8324947
0276_1_0.12.jpg,20.521816,23.55331,3.0314941
0277_1_0.08.jpg,23.860752,23.36023,-0.5005226
0279_0.8_0.12.jpg,20.923176,20.299776,-0.62339973
0280_0.9_0.16.jpg,21.931187,24.280901,2.3497143
0281_0.9_0.12.jpg,23.508627,25.676468,2.167841
0282_0.85_0.16.jpg,22.61179,23.651457,1.0396671
0283_0.85_0.12.jpg,22.836048,22.254488,-0.58156013
0284_0.8_0.16.jpg,18.768333,17.079786,-1.6885471
0285_0.85_0.2.jpg,17.69627,20.99651,3.3002396
0286_0.8_0.08.jpg,21.852695,18.212564,-3.640131
0287_0.8_0.2.jpg,16.8989,19.452244,2.5533447
0287_0.95_0.08.jpg,23.263725,21.585796,-1.6779289
0288_0.95_0.2.jpg,13.972507,16.958817,2.986309
0290_0.85_0.08.jpg,23.897755,23.142246,-0.7555084
0291_0.95_0.12.jpg,23.102764,24.773485,1.670721
0292_1_0.16.jpg,18.478504,23.443466,4.964962
0294_1_0.2.jpg,15.177083,18.03054,2.8534575
0295_0.85_0.08.jpg,21.396713,18.761366,-2.6353474
0296_0.95_0.12.jpg,18.99574,20.656912,1.661171
0297_0.95_0.08.jpg,20.078943,18.182013,-1.8969307
0298_1_0.12.jpg,22.792088,21.795582,-0.99650574
0299_0.9_0.08.jpg,23.486383,20.427217,-3.059166
0300_1_0.2.jpg,17.70316,22.74703,5.043871
0302_0.9_0.16.jpg,16.559841,18.71866,2.1588192
0303_0.9_0.12.jpg,23.427364,19.741156,-3.6862087
0304_0.9_0.08.jpg,23.667374,23.877098,0.20972443
0305_0.9_0.2.jpg,15.40372,19.6183,4.2145796
0306_0.8_0.16.jpg,19.267601,19.20924,-0.058361053
0307_0.8_0.12.jpg,21.882572,22.35937,0.4767971
0308_1_0.16.jpg,17.262386,21.022106,3.7597198
0309_1_0.08.jpg,24.698864,22.197245,-2.5016193
0311_0.8_0.16.jpg,18.924234,19.359283,0.43504906
0312_0.8_0.12.jpg,22.552507,19.912035,-2.6404724
0313_0.8_0.2.jpg,19.47944,21.61998,2.1405392
0314_0.9_0.12.jpg,18.810308,20.788937,1.9786282
0315_0.85_0.16.jpg,21.1931,21.695889,0.50278854
0316_0.85_0.12.jpg,21.532375,21.176262,-0.35611343
0317_0.85_0.08.jpg,23.146038,21.140759,-2.0052795
0318_0.85_0.2.jpg,16.647036,20.909077,4.262041
0319_0.9_0.16.jpg,18.962763,20.280823,1.3180599
0320_0.9_0.08.jpg,22.337132,19.205053,-3.1320782
0320_1_0.16.jpg,15.658399,18.312325,2.653926
0321_1_0.12.jpg,17.0644,19.123547,2.059147
0323_0.8_0.16.jpg,20.984497,19.836023,-1.1484737
0324_0.8_0.12.jpg,20.761377,19.824749,-0.93662834
0325_0.9_0.16.jpg,25.010887,22.913486,-2.0974007
0326_0.9_0.12.jpg,22.311153,22.783226,0.4720726
0327_1_0.08.jpg,23.558601,25.635166,2.0765648
0329_0.8_0.12.jpg,19.411762,21.277544,1.8657818
0330_0.8_0.08.jpg,21.976742,18.131277,-3.8454647
0330_0.95_0.12.jpg,20.673546,21.321297,0.64775085
0331_0.95_0.12.jpg,19.463228,21.215315,1.7520866
0332_0.95_0.08.jpg,21.82751,20.461433,-1.3660774
0333_0.95_0.2.jpg,13.729268,14.2892685,0.5600004
0334_1_0.08.jpg,19.77098,20.805243,1.0342617
0335_1_0.2.jpg,15.522742,19.12588,3.603137
0337_0.8_0.08.jpg,21.611073,18.602837,-3.008236
0338_0.9_0.12.jpg,24.9324,23.52689,-1.40551
0340_0.85_0.08.jpg,22.87678,18.416763,-4.4600163
0341_0.85_0.2.jpg,18.365265,18.29259,-0.072675705
0342_0.95_0.08.jpg,21.67432,20.431011,-1.243309
0343_0.95_0.2.jpg,15.714997,18.580486,2.865489
0344_0.85_0.16.jpg,23.000576,22.630655,-0.36992073
0345_0.85_0.12.jpg,21.405355,19.942276,-1.4630795
0346_0.95_0.16.jpg,22.346277,22.510914,0.16463661
0348_0.8_0.2.jpg,17.754456,20.85077,3.0963154
0349_0.9_0.08.jpg,24.160969,20.238287,-3.9226818
0350_0.85_0.12.jpg,21.26338,19.933235,-1.3301449
0351_0.95_0.16.jpg,18.897787,20.717201,1.8194141
0353_0.9_0.12.jpg,22.465117,23.194115,0.7289982
0354_0.9_0.08.jpg,23.828793,21.411074,-2.417719
0355_0.85_0.12.jpg,23.94724,23.624819,-0.32242203
0356_0.85_0.08.jpg,23.509209,20.360474,-3.148735
0357_0.95_0.12.jpg,20.10736,20.27774,0.17037964
0359_0.85_0.16.jpg,20.51113,18.709167,-1.8019619
0361_0.85_0.2.jpg,18.647696,22.73349,4.0857944
0362_0.95_0.08.jpg,22.959896,21.717384,-1.2425117
0364_0.85_0.12.jpg,22.030579,19.862026,-2.1685524
0366_0.9_0.16.jpg,21.093405,21.854074,0.7606697
0369_0.85_0.2.jpg,19.104994,22.400377,3.2953835
0371_0.9_0.08.jpg,22.8282,21.687689,-1.1405106
0372_0.85_0.12.jpg,19.684761,20.801651,1.11689
0375_0.85_0.16.jpg,18.227247,19.424135,1.196888
0380_0.85_0.2.jpg,13.7702,16.91013,3.1399298
0382_0.9_0.08.jpg,24.966505,22.493029,-2.4734764
0383_0.9_0.2.jpg,18.615944,20.198717,1.5827732
0385_0.8_0.08.jpg,22.675026,21.252947,-1.4220791
0386_1_0.12.jpg,20.346535,19.062263,-1.2842712
0388_0.95_0.16.jpg,17.376863,21.153381,3.7765179
0390_0.9_0.12.jpg,21.626665,21.525341,-0.10132408
0391_1_0.08.jpg,24.761965,23.107222,-1.6547432
0392_1_0.2.jpg,17.988432,19.763248,1.7748165
0393_1_0.2.jpg,20.191116,23.836594,3.6454773
0395_0.95_0.08.jpg,24.84645,22.129093,-2.7173576
0397_0.85_0.12.jpg,23.707264,21.562588,-2.1446762
0399_0.8_0.08.jpg,22.977398,23.690208,0.7128105
0400_0.9_0.12.jpg,20.530691,22.675323,2.1446323
0402_0.8_0.16.jpg,20.101988,19.53313,-0.5688572
0404_0.8_0.2.jpg,18.633701,22.025251,3.39155
0405_1_0.08.jpg,25.514389,22.709476,-2.8049126
0406_1_0.2.jpg,18.934729,22.90949,3.974762
0407_0.95_0.16.jpg,19.012249,24.165956,5.1537075
0409_1_0.12.jpg,21.047066,21.663082,0.6160164
0411_0.95_0.16.jpg,18.639364,20.471241,1.8318768
0413_0.95_0.2.jpg,16.259096,20.300053,4.0409565
1001_0.8_0.16.jpg,18.953262,22.19531,3.2420483
1002_1_0.16.jpg,20.93173,22.249065,1.3173351
1005_0.8_0.12.jpg,23.115124,19.64957,-3.4655533
1006_1_0.16.jpg,21.55823,27.05869,5.5004597
1007_0.95_0.08.jpg,23.724483,26.550167,2.8256836
1008_0.9_0.12.jpg,21.358341,23.796366,2.4380245
1009_0.85_0.12.jpg,22.071894,22.10231,0.030416489
1010_0.85_0.08.jpg,22.631329,21.718843,-0.9124851
1011_0.95_0.12.jpg,18.525673,20.840456,2.314783
1012_0.95_0.08.jpg,21.449806,21.067455,-0.38235092
1015_0.8_0.12.jpg,20.315372,19.958412,-0.3569603
1016_0.9_0.16.jpg,19.451515,22.66319,3.2116756
1018_0.85_0.12.jpg,23.222448,22.751692,-0.47075653
1020_0.95_0.08.jpg,24.591648,19.7945,-4.7971478
1022_0.85_0.12.jpg,23.02251,22.09076,-0.93175125
1027_0.8_0.08.jpg,22.124575,20.603056,-1.5215187
1030_0.95_0.12.jpg,18.343294,21.4592,3.1159058
1034_0.9_0.16.jpg,19.015888,23.498028,4.4821396
1037_0.8_0.12.jpg,22.818272,20.984306,-1.8339653
1038_1_0.16.jpg,22.487944,27.878838,5.390894
1040_1_0.2.jpg,17.365562,19.758223,2.3926601
1042_0.95_0.08.jpg,23.58033,22.050516,-1.5298138
1044_0.85_0.12.jpg,20.823595,23.45894,2.6353455
1046_0.9_0.16.jpg,15.896649,19.294868,3.398219
1048_0.9_0.2.jpg,14.278144,17.79659,3.518447
1050_0.8_0.08.jpg,22.758068,20.379618,-2.3784504
1051_1_0.12.jpg,22.325583,23.596176,1.2705936
1053_0.95_0.16.jpg,19.99244,21.686718,1.6942787
1055_0.95_0.2.jpg,16.442162,19.72967,3.287508
1057_0.95_0.16.jpg,19.12827,22.689457,3.5611877
1059_0.95_0.2.jpg,15.120679,17.226957,2.1062784
1060_0.85_0.16.jpg,20.201801,23.056885,2.8550835
1063_0.9_0.12.jpg,17.750525,20.868202,3.1176777
1709_0.95_0.08.jpg,22.119991,20.305643,-1.8143482
1712_0.8_0.08.jpg,22.406752,21.20016,-1.2065926
1713_1_0.08.jpg,24.465199,19.463963,-5.001236
1714_1_0.2.jpg,13.761747,16.29462,2.5328732
1716_0.95_0.12.jpg,20.97996,21.090939,0.11097908
1718_0.9_0.2.jpg,18.743795,18.635563,-0.1082325
1722_0.95_0.16.jpg,18.52613,21.992481,3.4663506
1724_0.95_0.2.jpg,16.400438,18.593515,2.193077
1726_0.85_0.12.jpg,22.830704,20.115423,-2.7152805
1728_0.9_0.12.jpg,22.251532,20.605015,-1.6465168
1730_0.85_0.08.jpg,21.732311,19.57668,-2.155632
1731_0.85_0.2.jpg,17.397259,19.129307,1.732048
1732_0.95_0.2.jpg,13.221092,15.847067,2.6259747
1734_1_0.08.jpg,24.641098,21.241615,-3.3994827
1736_0.8_0.08.jpg,21.96099,17.644154,-4.3168373
1738_1_0.2.jpg,14.911119,15.565599,0.65448
1741_0.85_0.16.jpg,18.12563,17.190104,-0.9355259
1742_0.85_0.12.jpg,22.25336,19.813171,-2.4401894
1743_0.85_0.08.jpg,23.44927,22.159712,-1.2895584
1744_0.85_0.08.jpg,21.165915,20.465881,-0.7000332
1747_0.8_0.16.jpg,17.236002,19.700586,2.4645844
1749_0.8_0.2.jpg,17.450735,18.954197,1.5034618
1753_0.9_0.08.jpg,23.32391,23.019745,-0.3041649
1756_0.9_0.12.jpg,20.986366,22.510794,1.5244274
1757_0.85_0.16.jpg,20.202236,20.665276,0.4630394
1759_0.8_0.12.jpg,20.261753,20.09797,-0.16378403
1760_1_0.16.jpg,20.158382,21.505392,1.3470097
1765_0.85_0.12.jpg,23.361164,20.727987,-2.6331768
1771_1_0.08.jpg,22.580149,20.408184,-2.1719646
1774_0.95_0.2.jpg,17.27126,19.44157,2.170311
1778_0.9_0.08.jpg,23.055601,20.690102,-2.3654995
1781_0.8_0.2.jpg,18.829395,20.214287,1.3848915
1784_0.8_0.08.jpg,21.573032,19.828735,-1.744297
1790_1_0.16.jpg,16.396355,18.107779,1.7114239
1800_1_0.16.jpg,20.066566,20.701456,0.6348896
1805_0.85_0.12.jpg,24.108507,21.521473,-2.5870342
1812_1_0.16.jpg,13.530455,13.290018,-0.24043655
1815_1_0.2.jpg,15.051119,17.666996,2.6158772
1818_0.85_0.12.jpg,21.471485,19.721968,-1.7495174
1821_0.8_0.08.jpg,21.960022,20.45557,-1.5044518
1822_1_0.08.jpg,22.657797,21.64164,-1.0161572
1824_0.95_0.08.jpg,23.182993,22.931618,-0.2513752
1826_0.9_0.08.jpg,21.194277,18.914509,-2.279768
1828_0.85_0.08.jpg,22.64616,20.816235,-1.8299255
1831_0.8_0.16.jpg,20.259611,17.087547,-3.1720638
1832_0.95_0.08.jpg,22.69171,23.096825,0.40511513
1834_1_0.08.jpg,23.326973,23.240486,-0.08648682
1837_0.9_0.08.jpg,22.752853,22.949924,0.19707108
1839_0.8_0.12.jpg,20.180853,18.778393,-1.4024601
1840_0.85_0.08.jpg,22.478191,19.473335,-3.004856
1843_0.8_0.12.jpg,18.572523,18.303944,-0.26857948
1845_0.9_0.08.jpg,22.611706,19.146673,-3.4650326
1846_0.9_0.08.jpg,22.918482,21.369667,-1.5488148
1848_0.8_0.12.jpg,20.75556,18.41515,-2.3404102
1849_1_0.12.jpg,20.992973,23.048248,2.055275
1851_0.85_0.08.jpg,20.820515,19.040356,-1.780159
1852_0.85_0.08.jpg,21.296543,20.917767,-0.37877655
1853_0.85_0.08.jpg,21.723623,19.507227,-2.2163963
1855_0.9_0.08.jpg,25.08688,21.044735,-4.042145
1857_0.8_0.12.jpg,19.021322,19.104809,0.08348656
1858_0.95_0.08.jpg,21.032814,20.750902,-0.28191185
1859_0.85_0.16.jpg,23.212574,21.148834,-2.0637398
1861_0.85_0.2.jpg,19.254574,21.914665,2.6600914
1862_0.8_0.12.jpg,21.227741,19.048857,-2.1788845
1863_1_0.08.jpg,20.773941,18.950264,-1.8236771
1865_0.85_0.08.jpg,22.816238,19.5499,-3.2663383
1867_0.8_0.2.jpg,16.809618,17.284258,0.4746399
1868_1_0.08.jpg,23.026844,22.416069,-0.610775
1869_1_0.2.jpg,18.261688,17.348755,-0.91293335
1871_0.95_0.08.jpg,20.655306,19.253033,-1.4022732
1872_0.95_0.08.jpg,23.51202,23.479168,-0.032852173
1873_0.85_0.16.jpg,20.698359,21.096317,0.39795876
1874_0.85_0.12.jpg,19.915565,21.289064,1.3734989
1875_0.85_0.08.jpg,21.726246,21.224298,-0.5019474
1876_1_0.16.jpg,18.05503,19.92678,1.8717499
1877_0.9_0.12.jpg,18.615982,21.086857,2.4708748
1878_0.9_0.12.jpg,22.783092,25.121414,2.3383217
1879_0.9_0.08.jpg,22.617414,19.518253,-3.0991611
1880_0.9_0.08.jpg,22.723003,20.4774,-2.2456036
1881_0.8_0.16.jpg,21.548355,19.54386,-2.0044956
1882_0.85_0.2.jpg,18.066956,20.487228,2.4202728
1883_0.8_0.12.jpg,21.550243,19.531944,-2.018299
1887_0.95_0.08.jpg,23.7071,23.625013,-0.08208656
1889_0.85_0.08.jpg,22.97815,20.537672,-2.4404774
1891_0.9_0.16.jpg,18.923862,22.368517,3.4446545
1893_0.9_0.2.jpg,15.420624,18.97659,3.5559654
1896_0.9_0.08.jpg,19.473944,18.559761,-0.91418266
1898_0.85_0.08.jpg,24.35415,23.352833,-1.001318
1899_0.8_0.08.jpg,21.399273,19.976814,-1.4224586
1900_0.8_0.08.jpg,22.820818,21.385582,-1.435236
1903_0.95_0.08.jpg,21.641636,18.001348,-3.6402874
1909_0.85_0.2.jpg,17.774221,18.538223,0.76400185
1913_0.95_0.08.jpg,20.114773,17.819546,-2.295227
1915_1_0.08.jpg,24.830704,21.927052,-2.9036522
1917_0.95_0.2.jpg,15.877516,18.691948,2.8144321
1919_1_0.08.jpg,23.535511,22.194622,-1.340889
1920_0.95_0.16.jpg,22.832172,24.378717,1.546545
1921_0.95_0.08.jpg,21.881199,20.59916,-1.2820396
1923_0.9_0.08.jpg,21.706654,21.339512,-0.36714172
1924_0.85_0.12.jpg,22.59478,22.055035,-0.53974533
1926_0.9_0.16.jpg,21.924631,24.230822,2.3061905
1927_0.9_0.08.jpg,24.886154,21.660158,-3.225996
1928_0.9_0.08.jpg,23.982145,20.722616,-3.259529
1930_0.8_0.08.jpg,21.243595,21.177637,-0.06595802
1931_0.8_0.08.jpg,21.87731,18.85386,-3.023449
1932_0.8_0.2.jpg,19.425446,18.576725,-0.84872055
1933_0.8_0.2.jpg,19.96342,18.892462,-1.0709591
1934_1_0.08.jpg,24.576761,22.685692,-1.8910694
1936_0.95_0.08.jpg,23.010983,22.12807,-0.8829117
1938_0.85_0.12.jpg,23.251797,21.596365,-1.6554317
1940_0.9_0.16.jpg,23.298752,24.612886,1.3141346
1942_0.85_0.08.jpg,22.232891,19.957201,-2.27569
1944_0.9_0.16.jpg,21.533272,23.284122,1.7508507
1945_0.9_0.12.jpg,24.80981,21.929895,-2.8799152
1947_0.8_0.16.jpg,19.77425,21.156683,1.3824329
1949_0.8_0.2.jpg,20.376324,20.584938,0.20861435
1950_1_0.08.jpg,21.702593,20.337294,-1.3652992
1953_0.8_0.2.jpg,20.382595,20.245182,-0.13741302
1954_1_0.08.jpg,23.629095,20.24909,-3.380005
1956_0.8_0.12.jpg,19.812065,20.577736,0.7656708
1958_0.9_0.08.jpg,23.578178,20.368317,-3.2098618
1960_0.85_0.2.jpg,17.741114,21.931587,4.1904736
1962_0.9_0.08.jpg,23.859962,23.172062,-0.68790054
1964_0.85_0.2.jpg,19.236662,21.940865,2.7042027
1966_0.9_0.08.jpg,23.312836,20.667582,-2.6452541
1968_0.8_0.12.jpg,21.342304,20.220234,-1.1220703
1970_0.9_0.08.jpg,20.931438,20.712704,-0.21873474
1971_1_0.08.jpg,22.70129,20.727823,-1.9734669
1973_0.95_0.08.jpg,23.50692,20.59697,-2.9099503
1975_0.85_0.12.jpg,21.435532,20.268137,-1.1673946
1977_0.8_0.08.jpg,21.451998,22.656357,1.204359
1981_0.8_0.2.jpg,20.010563,17.45307,-2.5574932
1982_1_0.08.jpg,22.425192,21.841072,-0.5841198
1984_0.85_0.08.jpg,22.61784,23.536068,0.91822815
1986_0.9_0.08.jpg,22.66644,23.23797,0.5715313
1988_0.8_0.12.jpg,20.79908,21.097023,0.29794312
